TIMESTAMP_TZ,ENTITY_NAME,COUNTRY_CODE,EVENT_SENTIMENT_SCORE,TOPIC,GROUP,TYPE,CATEGORY,EVENT_TEXT,NEWS_TYPE,SOURCE_NAME,HEADLINE
2022-03-02 04:19:12.505,DBS Bank Ltd.,SG,0.53,business,labor-issues,executive-appointment,executive-appointment,Dbs Bank; Giovanni Joins From Swiss Re Group,NEWS-FLASH,Dow Jones Newswires,MetLife: Siew Choo Most Recently Worked at DBS Bank; Giovanni Joins From Swiss Re Group >MET
2022-03-02 09:14:26.487,DBS Bank Ltd.,SG,0.49,business,partnerships,partnership,partnership,"Mastercard, DBS Bank and Pine Labs have partnered to",FULL-ARTICLE,MarketScreener Via MoreOver,"DBS : Mastercard, DBS Bank and Pine Labs offer consumers a new payment option in multiple Asian cities | Bahasa"
2022-03-03 08:15:20.408,DBS Bank Ltd.,SG,0.57,business,equity-actions,trading,trading-listing,Dbs Bank Files for Singapore Listing,FULL-ARTICLE,MT Newswires - Asia Pacific,DBS Bank Files for Singapore Listing of Nearly $146 Million Australian Currency Bonds
2022-03-04 12:37:56.668,DBS Bank Ltd.,SG,0.49,business,partnerships,partnership,partnership,Mastercard partners with Pine Labs and DBS Bank for,FULL-ARTICLE,Paypers,Mastercard partners with Pine Labs and DBS Bank for additional payment method in Asian cities
2022-03-09 06:23:15.752,DBS Group Holdings Ltd.,SG,0.94,business,analyst-ratings,analyst-ratings-change,analyst-ratings-change-positive,"Zacks Investment Research upgraded DBS Group from a ""hold"" rating to a ""buy",FULL-ARTICLE,Ticker Report,Short Interest in DBS Group Holdings Ltd (OTCMKTS:DBSDY) Increases By 27.9%
2022-03-09 19:02:15.900,DBS Group Holdings Ltd.,SG,0.47,business,labor-issues,executive-salary,executive-salary-increase,Dbs CEO receives big pay hike,FULL-ARTICLE,Edge Markets,DBS CEO receives big pay hike to S$13.58 mil for FY21 following...
2022-03-10 09:15:05.034,DBS Group Holdings Ltd.,SG,0.44,business,labor-issues,executive-salary,executive-salary,Dbs CEO Piyush Gupta gets S$13.58 million 2021 salary,FULL-ARTICLE,Mothership,"DBS CEO Piyush Gupta gets S$13.58 million 2021 salary, up 48%"
2022-03-10 21:32:28.063,DBS Group Holdings Ltd.,SG,0.48,business,labor-issues,executive-salary,executive-salary-increase,Dbs chief's pay soars 47.8% to $13.6m,FULL-ARTICLE,Straits Times,DBS chief's pay soars 47.8% to $13.6m after bank's record showing
2022-03-10 21:32:28.063,DBS Group Holdings Ltd.,SG,0.61,business,earnings,earnings,earnings-positive,Dbs Group posting a record net profit for last year,FULL-ARTICLE,Straits Times,DBS chief's pay soars 47.8% to $13.6m after bank's record showing
2022-03-16 01:37:24.865,DBS Group Holdings Ltd.,SG,0.53,business,labor-issues,executive-appointment,executive-appointment,Dbs appoints veteran Ginger Cheng as new country CEO,FULL-ARTICLE,Straits Times,DBS appoints veteran Ginger Cheng as new country CEO for China
2022-03-16 08:32:26.718,DBS Group Holdings Ltd.,SG,0.53,business,labor-issues,executive-appointment,executive-appointment,Dbs Group Names New Country Chief,FULL-ARTICLE,MT Newswires - Asia Pacific,DBS Group Names New Country Chief for China
2022-03-17 01:08:57.168,DBS Group Holdings Ltd.,SG,0.23,business,stock-prices,stock-price,stock-gain,Dbs Group Shares Rise 1.0%,NEWS-FLASH,Dow Jones Newswires,DBS Group Shares Rise 1.0%; OCBC Shares Add 2.2%; UOB Shares 2.5% Higher
2022-03-17 08:51:25.728,DBS Bank Ltd.,SG,0.57,business,equity-actions,trading,trading-listing,Dbs Bank Files for Singapore Listing,FULL-ARTICLE,MT Newswires - Asia Pacific,DBS Bank Files for Singapore Listing of $1.50 Billion Bonds Due 2027
2022-03-18 02:20:07.579,DBS Bank Ltd.,SG,0.50,business,credit-ratings,credit-rating-change,credit-rating-set,Fitch Rates DBS's USD1.5 Billion Series 11 Mortgage Covered Bonds 'AAA,PRESS-RELEASE,Dow Jones Newswires,Press Release: Fitch Rates DBS's USD1.5 Billion Series 11 Mortgage Covered Bonds 'AAA'; Outlook Stable
2022-03-18 02:20:07.579,DBS Bank Ltd.,SG,0.26,business,credit-ratings,credit-rating-change,credit-rating-set,Fitch Ratings has assigned Singapore-based DBS Bank Ltd.'s (AA-/Stable/F1+) USD1.5 billion Series 11 mortgage covered bonds a rating,PRESS-RELEASE,Dow Jones Newswires,Press Release: Fitch Rates DBS's USD1.5 Billion Series 11 Mortgage Covered Bonds 'AAA'; Outlook Stable
2022-03-18 05:58:24.746,DBS Bank Ltd.,SG,0.50,business,credit-ratings,credit-rating-change,credit-rating-set,Moody's Assigns Definitive Aaa Rating To Dbs Bank,NEWS-FLASH,Dow Jones Newswires,Moody's Assigns Definitive Aaa Rating To Dbs Bank's Series 11 Mortgage Covered Bonds
2022-03-18 12:15:14.816,DBS Bank Ltd.,SG,0.51,business,products-services,business-contract,business-contract-supplier,Dbs Bank gets 10 years prohibition orders,FULL-ARTICLE,Post Online Media,Singapore: Former wealth planning manager with DBS Bank gets 10 years prohibition orders
2022-03-23 04:27:18.708,DBS Bank Ltd.,SG,0.36,business,marketing,campaign-ad,campaign-ad-release,Dbs launches new brand campaign,FULL-ARTICLE,Marketing-interactive.com,DBS launches new brand campaign with TSLA
2022-03-23 16:38:42.368,DBS Group Holdings Ltd.,SG,0.49,business,partnerships,partnership,partnership,Bank and DBS have partnered to,FULL-ARTICLE,New Age Bangladesh,"BRAC Bank, DBS tie-up eases remittance from Singapore"
